{"cameraMode":{"drawMode":0,"name":"Shaded","section":"Shading Mode"},"sceneLighting":true,"audioPlay":false,"sceneViewState":{"showFog":true,"showMaterialUpdate":false,"showSkybox":true,"showFlares":true,"showImageEffects":true,"showParticleSystems":true},"in2DMode":false,"pivot":{"x":3.5184237957000734,"y":-2.557499408721924,"z":0.7703361511230469},"rotation":{"x":0.05989184230566025,"y":-0.04909558966755867,"z":0.0029473614413291218,"w":0.9970021843910217},"size":117.35328674316406,"orthographic":false}