{"cameraMode":{"drawMode":0,"name":"Shaded","section":"Shading Mode"},"sceneLighting":true,"audioPlay":false,"sceneViewState":{"showFog":true,"showMaterialUpdate":false,"showSkybox":true,"showFlares":true,"showImageEffects":true,"showParticleSystems":true},"in2DMode":false,"pivot":{"x":3.5184237957000734,"y":-2.557499408721924,"z":0.7703361511230469},"rotation":{"x":0.10743486881256104,"y":0.08073467016220093,"z":-0.00875553023070097,"w":0.9909002780914307},"size":24.478052139282228,"orthographic":false}