{"cameraMode":{"drawMode":0,"name":"Shaded","section":"Shading Mode"},"sceneLighting":true,"audioPlay":false,"sceneViewState":{"showFog":true,"showMaterialUpdate":false,"showSkybox":true,"showFlares":true,"showImageEffects":true,"showParticleSystems":true},"in2DMode":false,"pivot":{"x":-5.950403213500977,"y":-7.133556842803955,"z":-2.391711473464966},"rotation":{"x":0.15371735394001008,"y":-0.046636831015348437,"z":0.0073157730512320999,"w":0.9870216846466065},"size":101.86759948730469,"orthographic":false}